,Aggressive Advances,Cautious Advances,Distracted Advances,Learning Advances,Run,,,,,,
0,7,7,8,8,0,,,,,,
1,14,14,16,16,0,,,,,,
2,21,21,24,21,0,,,,,,
3,28,28,32,28,0,,,Aggressive ,Cautious,Distracted ,Learning 
4,35,35,40,35,0,,,49.361,53.6075,59.356,50.996
5,42,42,48,42,0,,,,,,
6,49,49,56,49,0,,,,,,
7,56,56,64,56,0,,,,,,
8,63,63,72,63,0,,,,,,
9,70,70,80,70,0,,,,,,
10,55,77,88,77,0,,,,,,
11,60,84,72,84,0,,,,,,
12,65,91,78,78,0,,,,,,
13,70,98,84,84,0,,,,,,
14,75,105,90,90,0,,,,,,
15,80,96,96,80,0,,,,,,
16,85,102,102,68,0,,,,,,
17,90,108,90,72,0,,,,,,
18,57,114,76,76,0,,,,,,
19,60,100,80,80,0,,,,,,
20,21,84,84,84,0,,,,,,
21,22,88,88,88,0,,,,,,
22,23,92,92,69,0,,,,,,
23,24,48,96,72,0,,,,,,
24,25,50,100,50,0,,,,,,
25,26,52,104,52,0,,,,,,
26,27,54,108,54,0,,,,,,
27,28,56,112,56,0,,,,,,
28,0,58,58,29,0,,,,,,
29,0,60,30,30,0,,,,,,
30,0,31,31,0,0,,,,,,
31,0,32,32,0,0,,,,,,
32,0,33,0,0,0,,,,,,
33,0,34,0,0,0,,,,,,
34,7,8,12,3,0,,,,,,
35,14,16,24,6,0,,,,,,
36,21,24,33,9,0,,,,,,
37,28,32,40,12,0,,,,,,
38,35,40,50,15,0,,,,,,
39,36,48,60,18,0,,,,,,
40,42,56,70,21,0,,,,,,
41,32,64,80,24,0,,,,,,
42,36,63,81,27,0,,,,,,
43,40,60,90,30,0,,,,,,
44,44,66,99,33,0,,,,,,
45,48,72,108,24,0,,,,,,
46,39,78,117,26,0,,,,,,
47,42,84,126,28,0,,,,,,
48,45,90,135,30,0,,,,,,
49,48,96,144,32,0,,,,,,
50,51,85,119,34,0,,,,,,
51,54,90,126,36,0,,,,,,
52,57,95,114,38,0,,,,,,
53,60,100,100,40,0,,,,,,
54,63,105,84,42,0,,,,,,
55,66,110,88,44,0,,,,,,
56,46,92,92,46,0,,,,,,
57,48,72,72,48,0,,,,,,
58,50,75,50,25,0,,,,,,
59,26,78,52,0,0,,,,,,
60,0,81,54,0,0,,,,,,
61,0,56,56,0,0,,,,,,
62,0,58,58,0,0,,,,,,
63,0,60,60,0,0,,,,,,
64,0,31,31,0,0,,,,,,
65,0,32,0,0,0,,,,,,
66,0,33,0,0,0,,,,,,
67,0,34,0,0,0,,,,,,
68,0,35,0,0,0,,,,,,
69,0,36,0,0,0,,,,,,
70,8,6,11,5,0,,,,,,
71,16,12,22,10,0,,,,,,
72,21,18,33,15,0,,,,,,
73,28,24,44,20,0,,,,,,
74,35,25,55,25,0,,,,,,
75,42,30,66,30,0,,,,,,
76,49,35,70,35,0,,,,,,
77,56,40,80,40,0,,,,,,
78,63,45,90,45,0,,,,,,
79,60,50,90,50,0,,,,,,
80,66,44,88,55,0,,,,,,
81,72,36,96,48,0,,,,,,
82,78,39,104,52,0,,,,,,
83,84,42,112,56,0,,,,,,
84,90,30,120,60,0,,,,,,
85,96,32,128,64,0,,,,,,
86,102,34,119,68,0,,,,,,
87,108,36,108,72,0,,,,,,
88,114,38,114,76,0,,,,,,
89,120,40,120,80,0,,,,,,
90,105,42,126,84,0,,,,,,
91,88,44,132,88,0,,,,,,
92,92,46,138,92,0,,,,,,
93,96,48,96,72,0,,,,,,
94,100,25,100,75,0,,,,,,
95,78,26,78,78,0,,,,,,
96,81,27,81,81,0,,,,,,
97,84,28,28,56,0,,,,,,
98,58,29,29,58,0,,,,,,
99,0,30,0,30,0,,,,,,
0,5,7,9,9,1,,,,,,
1,10,14,18,18,1,,,,,,
2,15,21,27,27,1,,,,,,
3,20,28,32,36,1,,,,,,
4,25,35,40,45,1,,,,,,
5,30,42,48,54,1,,,,,,
6,35,49,56,63,1,,,,,,
7,40,56,64,72,1,,,,,,
8,45,63,63,72,1,,,,,,
9,50,70,70,80,1,,,,,,
10,55,77,77,88,1,,,,,,
11,60,84,84,96,1,,,,,,
12,65,91,91,104,1,,,,,,
13,70,84,98,98,1,,,,,,
14,75,60,105,105,1,,,,,,
15,80,64,112,96,1,,,,,,
16,85,68,102,102,1,,,,,,
17,90,72,108,108,1,,,,,,
18,95,76,95,114,1,,,,,,
19,100,80,100,120,1,,,,,,
20,105,63,105,105,1,,,,,,
21,110,66,110,110,1,,,,,,
22,92,46,115,115,1,,,,,,
23,72,24,96,120,1,,,,,,
24,50,0,75,75,1,,,,,,
25,52,0,78,52,1,,,,,,
26,54,0,54,0,1,,,,,,
27,56,0,56,0,1,,,,,,
28,58,0,29,0,1,,,,,,
29,0,0,30,0,1,,,,,,
30,0,0,31,0,1,,,,,,
31,0,0,32,0,1,,,,,,
32,0,0,33,0,1,,,,,,
33,0,0,34,0,1,,,,,,
34,0,0,35,0,1,,,,,,
35,0,0,36,0,1,,,,,,
36,0,0,37,0,1,,,,,,
37,0,0,38,0,1,,,,,,
38,10,4,8,8,1,,,,,,
39,20,8,16,16,1,,,,,,
40,30,12,24,24,1,,,,,,
41,40,16,32,32,1,,,,,,
42,50,20,40,40,1,,,,,,
43,60,24,48,48,1,,,,,,
44,63,28,56,56,1,,,,,,
45,72,32,64,64,1,,,,,,
46,72,27,72,72,1,,,,,,
47,80,30,80,80,1,,,,,,
48,88,33,77,88,1,,,,,,
49,96,24,84,96,1,,,,,,
50,104,26,91,104,1,,,,,,
51,112,14,98,112,1,,,,,,
52,105,15,105,120,1,,,,,,
53,112,16,112,128,1,,,,,,
54,119,17,119,136,1,,,,,,
55,108,18,126,144,1,,,,,,
56,95,19,133,95,1,,,,,,
57,100,20,140,100,1,,,,,,
58,105,21,105,105,1,,,,,,
59,44,22,110,88,1,,,,,,
60,46,23,115,92,1,,,,,,
61,48,0,96,96,1,,,,,,
62,50,0,100,100,1,,,,,,
63,52,0,78,52,1,,,,,,
64,27,0,81,27,1,,,,,,
65,28,0,56,28,1,,,,,,
66,29,0,58,0,1,,,,,,
67,30,0,60,0,1,,,,,,
68,31,0,31,0,1,,,,,,
69,32,0,0,0,1,,,,,,
70,33,0,0,0,1,,,,,,
71,34,0,0,0,1,,,,,,
72,35,0,0,0,1,,,,,,
73,36,0,0,0,1,,,,,,
74,37,0,0,0,1,,,,,,
75,38,0,0,0,1,,,,,,
76,5,5,11,9,1,,,,,,
77,10,10,22,18,1,,,,,,
78,15,15,33,24,1,,,,,,
79,20,20,44,32,1,,,,,,
80,25,20,55,40,1,,,,,,
81,30,24,66,48,1,,,,,,
82,35,28,77,56,1,,,,,,
83,40,32,88,64,1,,,,,,
84,45,36,99,72,1,,,,,,
85,50,40,110,80,1,,,,,,
86,55,44,121,88,1,,,,,,
87,60,48,132,96,1,,,,,,
88,65,52,143,104,1,,,,,,
89,70,56,154,98,1,,,,,,
90,75,60,165,105,1,,,,,,
91,80,48,176,96,1,,,,,,
92,85,51,187,102,1,,,,,,
93,90,36,180,108,1,,,,,,
94,76,38,190,114,1,,,,,,
95,80,40,200,100,1,,,,,,
96,84,21,168,84,1,,,,,,
97,88,22,110,88,1,,,,,,
98,92,23,92,69,1,,,,,,
99,72,24,96,72,1,,,,,,
0,8,8,6,8,2,,,,,,
1,16,16,12,16,2,,,,,,
2,24,24,18,24,2,,,,,,
3,32,32,20,32,2,,,,,,
4,40,40,25,40,2,,,,,,
5,48,42,30,48,2,,,,,,
6,56,49,35,56,2,,,,,,
7,56,56,40,64,2,,,,,,
8,63,63,45,72,2,,,,,,
9,60,70,50,80,2,,,,,,
10,66,77,55,88,2,,,,,,
11,72,84,48,96,2,,,,,,
12,78,91,52,104,2,,,,,,
13,84,98,42,98,2,,,,,,
14,75,105,45,105,2,,,,,,
15,80,112,48,112,2,,,,,,
16,68,119,51,119,2,,,,,,
17,54,126,54,126,2,,,,,,
18,57,114,57,114,2,,,,,,
19,60,100,60,100,2,,,,,,
20,63,63,42,84,2,,,,,,
21,66,66,44,88,2,,,,,,
22,69,46,46,92,2,,,,,,
23,48,48,48,72,2,,,,,,
24,25,50,50,50,2,,,,,,
25,26,52,52,26,2,,,,,,
26,27,54,54,27,2,,,,,,
27,28,28,56,28,2,,,,,,
28,29,0,29,29,2,,,,,,
29,30,0,30,30,2,,,,,,
30,31,0,31,0,2,,,,,,
31,32,0,32,0,2,,,,,,
32,33,0,0,0,2,,,,,,
33,34,0,0,0,2,,,,,,
34,8,5,10,7,2,,,,,,
35,16,10,20,14,2,,,,,,
36,24,15,30,18,2,,,,,,
37,32,20,40,24,2,,,,,,
38,40,25,50,30,2,,,,,,
39,48,30,60,36,2,,,,,,
40,56,35,70,35,2,,,,,,
41,64,40,80,40,2,,,,,,
42,54,45,90,45,2,,,,,,
43,60,50,100,50,2,,,,,,
44,66,55,110,55,2,,,,,,
45,72,60,120,48,2,,,,,,
46,78,65,130,52,2,,,,,,
47,84,70,140,42,2,,,,,,
48,75,60,150,45,2,,,,,,
49,80,64,128,48,2,,,,,,
50,68,68,119,34,2,,,,,,
51,72,72,126,36,2,,,,,,
52,76,57,133,38,2,,,,,,
53,80,40,140,40,2,,,,,,
54,84,42,126,21,2,,,,,,
55,88,44,132,22,2,,,,,,
56,92,46,138,23,2,,,,,,
57,96,48,144,24,2,,,,,,
58,100,50,150,25,2,,,,,,
59,104,52,156,26,2,,,,,,
60,54,54,135,27,2,,,,,,
61,28,56,112,28,2,,,,,,
62,29,58,116,29,2,,,,,,
63,30,60,90,30,2,,,,,,
64,31,31,93,31,2,,,,,,
65,32,32,64,0,2,,,,,,
66,0,33,0,0,2,,,,,,
67,0,34,0,0,2,,,,,,
68,0,35,0,0,2,,,,,,
69,5,7,13,5,2,,,,,,
70,10,14,26,10,2,,,,,,
71,12,21,39,15,2,,,,,,
72,16,28,52,20,2,,,,,,
73,20,30,65,25,2,,,,,,
74,24,36,78,30,2,,,,,,
75,28,42,91,35,2,,,,,,
76,32,48,104,40,2,,,,,,
77,36,45,117,45,2,,,,,,
78,40,50,130,50,2,,,,,,
79,44,55,132,55,2,,,,,,
80,48,60,132,48,2,,,,,,
81,39,65,130,52,2,,,,,,
82,28,70,140,56,2,,,,,,
83,30,75,120,60,2,,,,,,
84,32,64,128,64,2,,,,,,
85,34,68,136,51,2,,,,,,
86,36,54,144,54,2,,,,,,
87,38,57,152,38,2,,,,,,
88,40,60,160,40,2,,,,,,
89,42,63,168,42,2,,,,,,
90,44,44,154,44,2,,,,,,
91,46,46,138,46,2,,,,,,
92,48,48,96,48,2,,,,,,
93,25,50,75,25,2,,,,,,
94,26,26,78,26,2,,,,,,
95,27,27,81,27,2,,,,,,
96,28,28,56,28,2,,,,,,
97,29,29,58,0,2,,,,,,
98,30,30,30,0,2,,,,,,
99,31,31,31,0,2,,,,,,
0,7,7,8,8,3,,,,,,
1,14,14,16,16,3,,,,,,
2,21,21,24,21,3,,,,,,
3,28,28,28,28,3,,,,,,
4,35,35,35,35,3,,,,,,
5,42,42,42,42,3,,,,,,
6,49,49,49,49,3,,,,,,
7,56,56,56,56,3,,,,,,
8,63,63,54,63,3,,,,,,
9,70,70,50,70,3,,,,,,
10,77,66,55,66,3,,,,,,
11,84,72,48,72,3,,,,,,
12,91,78,52,65,3,,,,,,
13,98,84,56,56,3,,,,,,
14,105,90,60,60,3,,,,,,
15,112,80,64,64,3,,,,,,
16,102,85,68,68,3,,,,,,
17,108,90,72,72,3,,,,,,
18,114,76,76,76,3,,,,,,
19,80,80,80,80,3,,,,,,
20,84,84,84,84,3,,,,,,
21,66,88,88,44,3,,,,,,
22,46,69,69,46,3,,,,,,
23,24,72,48,24,3,,,,,,
24,0,75,50,25,3,,,,,,
25,0,78,52,26,3,,,,,,
26,0,81,54,27,3,,,,,,
27,0,28,56,28,3,,,,,,
28,0,29,58,0,3,,,,,,
29,4,12,8,6,3,,,,,,
30,8,24,16,12,3,,,,,,
31,12,36,24,15,3,,,,,,
32,16,48,32,20,3,,,,,,
33,20,60,40,25,3,,,,,,
34,24,72,48,30,3,,,,,,
35,28,84,56,35,3,,,,,,
36,32,96,64,40,3,,,,,,
37,36,99,72,45,3,,,,,,
38,40,110,80,50,3,,,,,,
39,44,121,88,55,3,,,,,,
40,48,132,96,60,3,,,,,,
41,52,130,104,65,3,,,,,,
42,56,140,98,70,3,,,,,,
43,60,150,105,75,3,,,,,,
44,64,160,112,64,3,,,,,,
45,68,170,119,68,3,,,,,,
46,72,162,126,72,3,,,,,,
47,76,133,114,57,3,,,,,,
48,80,140,120,60,3,,,,,,
49,63,147,105,63,3,,,,,,
50,66,154,110,66,3,,,,,,
51,46,161,92,69,3,,,,,,
52,48,168,72,72,3,,,,,,
53,25,175,50,25,3,,,,,,
54,26,182,52,26,3,,,,,,
55,27,162,54,27,3,,,,,,
56,28,112,56,28,3,,,,,,
57,29,116,58,29,3,,,,,,
58,0,120,60,0,3,,,,,,
59,0,62,62,0,3,,,,,,
60,0,32,32,0,3,,,,,,
61,0,33,33,0,3,,,,,,
62,6,7,8,9,3,,,,,,
63,12,14,16,18,3,,,,,,
64,18,21,24,27,3,,,,,,
65,24,28,32,36,3,,,,,,
66,30,35,40,45,3,,,,,,
67,36,42,48,54,3,,,,,,
68,42,49,56,63,3,,,,,,
69,48,56,64,72,3,,,,,,
70,54,63,72,72,3,,,,,,
71,60,70,80,80,3,,,,,,
72,66,77,88,88,3,,,,,,
73,72,84,96,96,3,,,,,,
74,78,65,91,104,3,,,,,,
75,84,70,98,112,3,,,,,,
76,90,75,90,120,3,,,,,,
77,96,80,96,80,3,,,,,,
78,102,85,85,85,3,,,,,,
79,108,90,90,90,3,,,,,,
80,114,76,95,95,3,,,,,,
81,120,80,80,100,3,,,,,,
82,126,42,63,105,3,,,,,,
83,132,44,66,88,3,,,,,,
84,115,46,69,92,3,,,,,,
85,120,48,48,72,3,,,,,,
86,100,50,50,50,3,,,,,,
87,104,52,0,52,3,,,,,,
88,108,54,0,54,3,,,,,,
89,112,56,0,28,3,,,,,,
90,87,58,0,29,3,,,,,,
91,60,60,0,0,3,,,,,,
92,62,31,0,0,3,,,,,,
93,64,32,0,0,3,,,,,,
94,66,33,0,0,3,,,,,,
95,34,0,0,0,3,,,,,,
96,7,5,9,9,3,,,,,,
97,14,10,18,18,3,,,,,,
98,21,9,27,27,3,,,,,,
99,28,12,36,36,3,,,,,,
0,7,5,11,7,4,,,,,,
1,14,10,22,14,4,,,,,,
2,21,15,30,21,4,,,,,,
3,28,20,40,28,4,,,,,,
4,35,25,50,35,4,,,,,,
5,42,30,60,42,4,,,,,,
6,49,35,70,49,4,,,,,,
7,56,40,80,56,4,,,,,,
8,63,45,90,63,4,,,,,,
9,70,50,100,60,4,,,,,,
10,66,55,110,66,4,,,,,,
11,72,60,120,72,4,,,,,,
12,78,65,130,78,4,,,,,,
13,84,70,140,84,4,,,,,,
14,90,75,150,90,4,,,,,,
15,80,48,144,96,4,,,,,,
16,85,34,153,85,4,,,,,,
17,90,36,162,90,4,,,,,,
18,95,38,171,95,4,,,,,,
19,60,20,180,100,4,,,,,,
20,63,21,168,105,4,,,,,,
21,66,22,176,110,4,,,,,,
22,69,23,161,115,4,,,,,,
23,72,24,168,120,4,,,,,,
24,50,25,175,125,4,,,,,,
25,52,26,182,104,4,,,,,,
26,54,27,135,54,4,,,,,,
27,56,28,140,56,4,,,,,,
28,58,29,116,58,4,,,,,,
29,60,0,60,60,4,,,,,,
30,31,0,31,0,4,,,,,,
31,5,7,10,8,4,,,,,,
32,10,14,20,16,4,,,,,,
33,15,21,30,21,4,,,,,,
34,20,28,40,28,4,,,,,,
35,25,35,50,35,4,,,,,,
36,30,42,60,42,4,,,,,,
37,35,49,70,49,4,,,,,,
38,40,56,80,56,4,,,,,,
39,45,63,90,63,4,,,,,,
40,50,70,100,70,4,,,,,,
41,55,77,110,77,4,,,,,,
42,48,84,108,84,4,,,,,,
43,52,91,117,78,4,,,,,,
44,56,84,126,84,4,,,,,,
45,60,75,135,75,4,,,,,,
46,64,80,128,80,4,,,,,,
47,68,85,119,85,4,,,,,,
48,72,90,126,90,4,,,,,,
49,76,95,133,76,4,,,,,,
50,60,60,120,80,4,,,,,,
51,63,63,126,63,4,,,,,,
52,66,66,132,44,4,,,,,,
53,69,46,138,46,4,,,,,,
54,24,24,144,48,4,,,,,,
55,25,25,100,50,4,,,,,,
56,26,26,78,52,4,,,,,,
57,27,27,54,54,4,,,,,,
58,28,28,28,28,4,,,,,,
59,29,29,29,29,4,,,,,,
60,0,30,30,30,4,,,,,,
61,0,31,31,31,4,,,,,,
62,0,32,32,32,4,,,,,,
63,0,33,33,33,4,,,,,,
64,0,34,34,34,4,,,,,,
65,0,35,0,35,4,,,,,,
66,7,9,10,4,4,,,,,,
67,14,18,20,8,4,,,,,,
68,21,27,30,12,4,,,,,,
69,28,36,36,16,4,,,,,,
70,35,45,45,20,4,,,,,,
71,42,54,54,24,4,,,,,,
72,42,63,63,28,4,,,,,,
73,48,72,72,32,4,,,,,,
74,54,81,72,36,4,,,,,,
75,60,90,80,40,4,,,,,,
76,66,99,88,44,4,,,,,,
77,72,108,96,48,4,,,,,,
78,65,117,104,52,4,,,,,,
79,70,126,112,56,4,,,,,,
80,75,120,120,60,4,,,,,,
81,80,128,128,48,4,,,,,,
82,85,119,136,51,4,,,,,,
83,90,126,144,54,4,,,,,,
84,95,133,152,38,4,,,,,,
85,100,140,160,40,4,,,,,,
86,84,147,168,42,4,,,,,,
87,88,154,176,44,4,,,,,,
88,92,161,161,46,4,,,,,,
89,96,168,120,48,4,,,,,,
90,100,150,100,50,4,,,,,,
91,78,78,104,52,4,,,,,,
92,81,81,54,54,4,,,,,,
93,84,84,56,56,4,,,,,,
94,58,29,58,58,4,,,,,,
95,60,30,30,60,4,,,,,,
96,31,31,31,31,4,,,,,,
97,32,0,32,32,4,,,,,,
98,33,0,33,0,4,,,,,,
99,0,0,34,0,4,,,,,,
0,4,7,9,10,5,,,,,,
1,8,14,18,20,5,,,,,,
2,12,18,27,30,5,,,,,,
3,16,24,36,40,5,,,,,,
4,20,30,45,45,5,,,,,,
5,24,36,54,54,5,,,,,,
6,21,42,63,63,5,,,,,,
7,24,40,72,64,5,,,,,,
8,27,45,81,72,5,,,,,,
9,30,40,90,80,5,,,,,,
10,33,33,99,88,5,,,,,,
11,36,36,84,96,5,,,,,,
12,26,39,91,104,5,,,,,,
13,28,42,98,112,5,,,,,,
14,30,30,105,120,5,,,,,,
15,32,32,96,128,5,,,,,,
16,34,34,102,136,5,,,,,,
17,36,18,90,144,5,,,,,,
18,38,19,95,152,5,,,,,,
19,40,20,100,140,5,,,,,,
20,42,0,84,147,5,,,,,,
21,44,0,88,132,5,,,,,,
22,46,0,92,92,5,,,,,,
23,48,0,96,72,5,,,,,,
24,25,0,75,75,5,,,,,,
25,26,0,78,52,5,,,,,,
26,27,0,81,54,5,,,,,,
27,0,0,84,56,5,,,,,,
28,0,0,87,29,5,,,,,,
29,0,0,60,30,5,,,,,,
30,0,0,62,0,5,,,,,,
31,0,0,32,0,5,,,,,,
32,6,13,5,6,5,,,,,,
33,12,26,10,12,5,,,,,,
34,18,39,15,18,5,,,,,,
35,24,52,20,24,5,,,,,,
36,30,65,25,30,5,,,,,,
37,36,78,30,36,5,,,,,,
38,42,91,35,42,5,,,,,,
39,48,104,40,48,5,,,,,,
40,54,117,45,45,5,,,,,,
41,60,120,50,50,5,,,,,,
42,66,132,55,55,5,,,,,,
43,72,144,60,60,5,,,,,,
44,65,143,65,65,5,,,,,,
45,70,154,56,70,5,,,,,,
46,75,150,60,75,5,,,,,,
47,80,160,64,80,5,,,,,,
48,85,170,51,68,5,,,,,,
49,72,162,54,72,5,,,,,,
50,76,152,57,57,5,,,,,,
51,80,140,60,60,5,,,,,,
52,84,63,42,63,5,,,,,,
53,66,44,44,66,5,,,,,,
54,69,46,46,69,5,,,,,,
55,72,48,48,72,5,,,,,,
56,75,25,50,50,5,,,,,,
57,52,26,26,52,5,,,,,,
58,54,27,27,54,5,,,,,,
59,56,28,0,28,5,,,,,,
60,58,29,0,29,5,,,,,,
61,0,30,0,30,5,,,,,,
62,0,31,0,31,5,,,,,,
63,0,32,0,32,5,,,,,,
64,0,33,0,33,5,,,,,,
65,0,34,0,34,5,,,,,,
66,0,0,0,35,5,,,,,,
67,6,11,4,9,5,,,,,,
68,12,22,8,18,5,,,,,,
69,18,33,12,27,5,,,,,,
70,20,44,16,36,5,,,,,,
71,25,55,20,45,5,,,,,,
72,30,66,24,54,5,,,,,,
73,35,77,28,56,5,,,,,,
74,40,80,32,56,5,,,,,,
75,45,90,36,63,5,,,,,,
76,50,100,40,70,5,,,,,,
77,55,110,44,77,5,,,,,,
78,60,108,24,84,5,,,,,,
79,52,117,26,91,5,,,,,,
80,56,126,28,84,5,,,,,,
81,60,135,30,90,5,,,,,,
82,64,128,32,96,5,,,,,,
83,68,119,34,85,5,,,,,,
84,54,126,18,54,5,,,,,,
85,38,133,19,57,5,,,,,,
86,40,140,20,40,5,,,,,,
87,42,147,21,42,5,,,,,,
88,44,132,22,44,5,,,,,,
89,46,115,23,46,5,,,,,,
90,48,48,0,48,5,,,,,,
91,25,50,0,50,5,,,,,,
92,26,52,0,26,5,,,,,,
93,27,27,0,27,5,,,,,,
94,28,28,0,28,5,,,,,,
95,29,29,0,29,5,,,,,,
96,0,30,0,30,5,,,,,,
97,8,9,8,5,5,,,,,,
98,16,18,16,10,5,,,,,,
99,24,27,21,12,5,,,,,,
0,6,10,5,9,6,,,,,,
1,12,20,10,18,6,,,,,,
2,18,30,15,27,6,,,,,,
3,24,40,20,36,6,,,,,,
4,30,50,25,45,6,,,,,,
5,36,60,30,54,6,,,,,,
6,42,70,35,63,6,,,,,,
7,48,80,40,72,6,,,,,,
8,54,90,45,63,6,,,,,,
9,60,100,50,70,6,,,,,,
10,55,88,55,66,6,,,,,,
11,60,96,48,72,6,,,,,,
12,65,104,52,52,6,,,,,,
13,70,112,56,56,6,,,,,,
14,75,120,60,60,6,,,,,,
15,80,128,64,64,6,,,,,,
16,85,119,51,68,6,,,,,,
17,90,126,54,72,6,,,,,,
18,95,114,57,76,6,,,,,,
19,60,80,60,40,6,,,,,,
20,63,84,63,42,6,,,,,,
21,44,66,44,44,6,,,,,,
22,46,69,46,23,6,,,,,,
23,24,72,48,24,6,,,,,,
24,25,25,50,25,6,,,,,,
25,26,26,52,26,6,,,,,,
26,0,0,54,27,6,,,,,,
27,0,0,28,28,6,,,,,,
28,0,0,29,0,6,,,,,,
29,0,0,30,0,6,,,,,,
30,6,7,6,11,6,,,,,,
31,12,14,12,22,6,,,,,,
32,18,18,18,33,6,,,,,,
33,24,24,24,44,6,,,,,,
34,30,30,30,55,6,,,,,,
35,30,36,36,66,6,,,,,,
36,35,42,42,77,6,,,,,,
37,24,48,48,88,6,,,,,,
38,18,54,54,99,6,,,,,,
39,20,60,60,110,6,,,,,,
40,22,66,55,110,6,,,,,,
41,24,72,48,120,6,,,,,,
42,13,78,52,130,6,,,,,,
43,14,84,56,126,6,,,,,,
44,15,90,60,135,6,,,,,,
45,16,96,64,128,6,,,,,,
46,17,102,51,136,6,,,,,,
47,18,90,36,144,6,,,,,,
48,19,95,38,133,6,,,,,,
49,20,80,40,140,6,,,,,,
50,0,84,42,147,6,,,,,,
51,0,66,22,132,6,,,,,,
52,0,69,23,69,6,,,,,,
53,0,72,24,72,6,,,,,,
54,0,50,25,50,6,,,,,,
55,0,26,26,26,6,,,,,,
56,0,27,27,27,6,,,,,,
57,0,28,28,28,6,,,,,,
58,0,0,29,29,6,,,,,,
59,7,10,3,10,6,,,,,,
60,14,20,6,20,6,,,,,,
61,21,30,9,30,6,,,,,,
62,24,40,12,40,6,,,,,,
63,30,50,15,50,6,,,,,,
64,36,60,18,60,6,,,,,,
65,42,70,21,70,6,,,,,,
66,48,80,24,80,6,,,,,,
67,54,90,27,90,6,,,,,,
68,60,100,30,90,6,,,,,,
69,66,110,33,99,6,,,,,,
70,72,120,36,108,6,,,,,,
71,78,117,39,104,6,,,,,,
72,84,126,42,98,6,,,,,,
73,90,135,45,105,6,,,,,,
74,96,112,48,80,6,,,,,,
75,102,119,51,85,6,,,,,,
76,108,126,54,90,6,,,,,,
77,114,133,57,95,6,,,,,,
78,100,120,40,80,6,,,,,,
79,105,126,42,84,6,,,,,,
80,110,110,22,88,6,,,,,,
81,69,92,23,92,6,,,,,,
82,48,96,24,72,6,,,,,,
83,25,75,25,50,6,,,,,,
84,26,78,26,52,6,,,,,,
85,27,81,27,54,6,,,,,,
86,28,84,28,56,6,,,,,,
87,29,58,29,58,6,,,,,,
88,0,60,30,60,6,,,,,,
89,0,31,31,31,6,,,,,,
90,0,32,32,32,6,,,,,,
91,5,10,9,6,6,,,,,,
92,10,20,18,12,6,,,,,,
93,15,30,27,18,6,,,,,,
94,20,40,36,24,6,,,,,,
95,25,50,45,30,6,,,,,,
96,30,54,54,36,6,,,,,,
97,35,63,63,42,6,,,,,,
98,40,72,72,48,6,,,,,,
99,45,81,81,54,6,,,,,,
0,6,5,12,7,7,,,,,,
1,12,10,24,14,7,,,,,,
2,18,15,33,21,7,,,,,,
3,24,20,44,28,7,,,,,,
4,30,25,55,35,7,,,,,,
5,36,30,66,42,7,,,,,,
6,35,35,77,49,7,,,,,,
7,40,40,80,56,7,,,,,,
8,45,45,90,63,7,,,,,,
9,50,50,100,70,7,,,,,,
10,55,55,110,77,7,,,,,,
11,60,60,108,84,7,,,,,,
12,65,65,104,91,7,,,,,,
13,70,70,84,84,7,,,,,,
14,75,75,90,90,7,,,,,,
15,80,80,96,96,7,,,,,,
16,85,68,102,102,7,,,,,,
17,90,72,90,108,7,,,,,,
18,76,76,95,114,7,,,,,,
19,60,40,100,100,7,,,,,,
20,21,42,105,63,7,,,,,,
21,22,44,110,66,7,,,,,,
22,0,23,69,69,7,,,,,,
23,0,24,72,48,7,,,,,,
24,0,25,75,50,7,,,,,,
25,0,0,26,52,7,,,,,,
26,0,0,27,54,7,,,,,,
27,0,0,0,56,7,,,,,,
28,0,0,0,58,7,,,,,,
29,0,0,0,30,7,,,,,,
30,0,0,0,31,7,,,,,,
31,0,0,0,32,7,,,,,,
32,0,0,0,33,7,,,,,,
33,0,0,0,34,7,,,,,,
34,4,8,8,10,7,,,,,,
35,8,16,16,20,7,,,,,,
36,12,24,24,30,7,,,,,,
37,16,32,32,40,7,,,,,,
38,20,40,40,50,7,,,,,,
39,24,48,48,60,7,,,,,,
40,28,56,56,70,7,,,,,,
41,32,64,64,80,7,,,,,,
42,36,72,72,81,7,,,,,,
43,40,80,80,90,7,,,,,,
44,44,88,88,99,7,,,,,,
45,48,96,96,108,7,,,,,,
46,52,104,104,117,7,,,,,,
47,42,112,112,126,7,,,,,,
48,45,105,120,120,7,,,,,,
49,32,112,112,112,7,,,,,,
50,34,119,102,102,7,,,,,,
51,36,90,108,90,7,,,,,,
52,38,57,95,95,7,,,,,,
53,40,60,80,100,7,,,,,,
54,42,21,84,84,7,,,,,,
55,44,0,88,88,7,,,,,,
56,46,0,92,69,7,,,,,,
57,48,0,96,72,7,,,,,,
58,50,0,100,75,7,,,,,,
59,52,0,104,52,7,,,,,,
60,54,0,81,54,7,,,,,,
61,56,0,84,56,7,,,,,,
62,29,0,87,58,7,,,,,,
63,30,0,90,0,7,,,,,,
64,31,0,62,0,7,,,,,,
65,32,0,64,0,7,,,,,,
66,33,0,33,0,7,,,,,,
67,0,0,34,0,7,,,,,,
68,0,0,35,0,7,,,,,,
69,0,0,36,0,7,,,,,,
70,7,9,7,7,7,,,,,,
71,14,18,14,14,7,,,,,,
72,21,27,18,21,7,,,,,,
73,28,36,24,28,7,,,,,,
74,35,45,30,35,7,,,,,,
75,42,48,36,42,7,,,,,,
76,49,56,42,49,7,,,,,,
77,56,64,48,56,7,,,,,,
78,63,72,54,63,7,,,,,,
79,70,80,60,70,7,,,,,,
80,77,88,66,77,7,,,,,,
81,84,96,72,72,7,,,,,,
82,91,91,78,65,7,,,,,,
83,84,98,70,70,7,,,,,,
84,90,105,75,75,7,,,,,,
85,96,80,80,80,7,,,,,,
86,102,85,68,68,7,,,,,,
87,108,90,72,72,7,,,,,,
88,95,95,76,76,7,,,,,,
89,100,100,80,80,7,,,,,,
90,105,105,84,84,7,,,,,,
91,88,110,66,88,7,,,,,,
92,69,115,69,92,7,,,,,,
93,72,120,72,72,7,,,,,,
94,75,100,75,50,7,,,,,,
95,78,104,78,52,7,,,,,,
96,81,108,81,54,7,,,,,,
97,84,112,56,28,7,,,,,,
98,87,116,58,0,7,,,,,,
99,90,60,60,0,7,,,,,,
0,5,9,6,10,8,,,,,,
1,10,18,12,20,8,,,,,,
2,15,27,15,27,8,,,,,,
3,20,36,20,36,8,,,,,,
4,25,45,25,45,8,,,,,,
5,30,54,30,54,8,,,,,,
6,35,63,35,63,8,,,,,,
7,40,72,40,72,8,,,,,,
8,45,81,45,72,8,,,,,,
9,50,80,50,80,8,,,,,,
10,55,88,55,88,8,,,,,,
11,60,96,60,96,8,,,,,,
12,65,104,65,104,8,,,,,,
13,70,112,56,112,8,,,,,,
14,75,105,60,120,8,,,,,,
15,48,112,64,96,8,,,,,,
16,51,102,68,102,8,,,,,,
17,54,108,72,72,8,,,,,,
18,57,114,76,57,8,,,,,,
19,60,100,80,60,8,,,,,,
20,63,105,84,63,8,,,,,,
21,44,88,88,66,8,,,,,,
22,46,92,92,23,8,,,,,,
23,48,72,96,24,8,,,,,,
24,25,75,75,25,8,,,,,,
25,26,52,26,0,8,,,,,,
26,27,27,27,0,8,,,,,,
27,10,5,8,7,8,,,,,,
28,20,10,16,14,8,,,,,,
29,30,15,24,21,8,,,,,,
30,40,20,32,28,8,,,,,,
31,50,25,40,35,8,,,,,,
32,60,30,48,42,8,,,,,,
33,70,35,56,49,8,,,,,,
34,80,40,64,56,8,,,,,,
35,90,45,72,54,8,,,,,,
36,100,50,70,60,8,,,,,,
37,110,55,77,66,8,,,,,,
38,120,60,84,60,8,,,,,,
39,130,65,91,65,8,,,,,,
40,140,56,98,70,8,,,,,,
41,150,60,105,75,8,,,,,,
42,144,64,112,64,8,,,,,,
43,153,68,119,51,8,,,,,,
44,162,72,126,54,8,,,,,,
45,171,57,133,57,8,,,,,,
46,160,60,120,60,8,,,,,,
47,168,63,105,63,8,,,,,,
48,154,22,110,44,8,,,,,,
49,138,23,115,46,8,,,,,,
50,72,24,96,24,8,,,,,,
51,50,25,100,25,8,,,,,,
52,26,26,78,26,8,,,,,,
53,27,27,27,27,8,,,,,,
54,28,28,28,28,8,,,,,,
55,29,29,29,29,8,,,,,,
56,30,30,30,30,8,,,,,,
57,31,0,31,31,8,,,,,,
58,32,0,32,32,8,,,,,,
59,9,6,6,9,8,,,,,,
60,18,12,12,18,8,,,,,,
61,24,15,18,27,8,,,,,,
62,32,20,24,36,8,,,,,,
63,40,25,30,45,8,,,,,,
64,48,30,36,54,8,,,,,,
65,56,35,42,63,8,,,,,,
66,64,40,48,72,8,,,,,,
67,72,45,54,81,8,,,,,,
68,80,50,50,90,8,,,,,,
69,88,55,55,99,8,,,,,,
70,96,48,60,108,8,,,,,,
71,104,39,65,104,8,,,,,,
72,112,42,56,112,8,,,,,,
73,105,45,60,120,8,,,,,,
74,112,48,64,112,8,,,,,,
75,119,51,51,119,8,,,,,,
76,108,54,54,108,8,,,,,,
77,114,57,57,114,8,,,,,,
78,120,60,60,100,8,,,,,,
79,126,63,63,63,8,,,,,,
80,110,66,66,44,8,,,,,,
81,92,46,69,23,8,,,,,,
82,72,48,48,24,8,,,,,,
83,75,25,25,25,8,,,,,,
84,78,0,26,26,8,,,,,,
85,54,0,27,27,8,,,,,,
86,28,0,28,28,8,,,,,,
87,29,0,29,29,8,,,,,,
88,0,0,30,30,8,,,,,,
89,11,6,6,7,8,,,,,,
90,22,12,12,14,8,,,,,,
91,33,18,18,21,8,,,,,,
92,40,24,24,28,8,,,,,,
93,50,30,30,35,8,,,,,,
94,60,36,36,36,8,,,,,,
95,70,42,42,42,8,,,,,,
96,80,48,48,48,8,,,,,,
97,81,54,54,54,8,,,,,,
98,90,60,60,60,8,,,,,,
99,88,66,66,66,8,,,,,,
0,10,8,4,8,9,,,,,,
1,20,16,8,16,9,,,,,,
2,30,24,12,24,9,,,,,,
3,40,32,16,32,9,,,,,,
4,50,40,20,40,9,,,,,,
5,60,48,24,48,9,,,,,,
6,70,56,28,56,9,,,,,,
7,72,64,32,64,9,,,,,,
8,81,72,36,72,9,,,,,,
9,80,80,40,80,9,,,,,,
10,88,77,33,88,9,,,,,,
11,96,84,36,96,9,,,,,,
12,104,78,39,104,9,,,,,,
13,112,84,28,112,9,,,,,,
14,120,75,30,120,9,,,,,,
15,128,80,32,112,9,,,,,,
16,136,85,34,119,9,,,,,,
17,144,90,36,126,9,,,,,,
18,133,95,19,133,9,,,,,,
19,140,100,20,140,9,,,,,,
20,84,105,21,126,9,,,,,,
21,66,110,0,110,9,,,,,,
22,69,115,0,115,9,,,,,,
23,72,72,0,96,9,,,,,,
24,25,75,0,75,9,,,,,,
25,26,52,0,52,9,,,,,,
26,27,27,0,27,9,,,,,,
27,28,28,0,28,9,,,,,,
28,29,29,0,29,9,,,,,,
29,0,30,0,30,9,,,,,,
30,0,31,0,31,9,,,,,,
31,0,32,0,32,9,,,,,,
32,0,33,0,33,9,,,,,,
33,0,0,0,34,9,,,,,,
34,5,8,8,9,9,,,,,,
35,10,16,16,18,9,,,,,,
36,15,24,24,24,9,,,,,,
37,20,32,32,32,9,,,,,,
38,25,40,40,40,9,,,,,,
39,30,48,48,42,9,,,,,,
40,35,56,56,42,9,,,,,,
41,40,64,64,48,9,,,,,,
42,45,72,72,54,9,,,,,,
43,50,80,80,60,9,,,,,,
44,55,88,88,55,9,,,,,,
45,48,96,96,48,9,,,,,,
46,52,104,104,39,9,,,,,,
47,56,112,112,42,9,,,,,,
48,60,120,120,45,9,,,,,,
49,64,128,128,48,9,,,,,,
50,68,119,136,51,9,,,,,,
51,54,126,144,54,9,,,,,,
52,57,95,133,38,9,,,,,,
53,60,100,140,40,9,,,,,,
54,63,84,147,42,9,,,,,,
55,66,88,154,44,9,,,,,,
56,69,92,161,46,9,,,,,,
57,72,48,168,48,9,,,,,,
58,75,50,175,50,9,,,,,,
59,78,52,156,52,9,,,,,,
60,81,54,108,54,9,,,,,,
61,56,56,84,56,9,,,,,,
62,58,58,58,58,9,,,,,,
63,30,60,30,60,9,,,,,,
64,31,31,31,31,9,,,,,,
65,32,32,0,32,9,,,,,,
66,0,33,0,33,9,,,,,,
67,0,34,0,34,9,,,,,,
68,0,35,0,35,9,,,,,,
69,0,0,0,36,9,,,,,,
70,4,12,9,5,9,,,,,,
71,8,24,18,10,9,,,,,,
72,12,30,27,12,9,,,,,,
73,16,40,36,12,9,,,,,,
74,20,50,45,15,9,,,,,,
75,24,60,54,18,9,,,,,,
76,28,70,63,21,9,,,,,,
77,32,80,72,24,9,,,,,,
78,36,90,81,27,9,,,,,,
79,40,100,90,30,9,,,,,,
80,44,99,88,33,9,,,,,,
81,36,108,96,36,9,,,,,,
82,39,117,104,39,9,,,,,,
83,42,112,112,42,9,,,,,,
84,45,120,105,45,9,,,,,,
85,48,128,112,48,9,,,,,,
86,34,136,85,51,9,,,,,,
87,36,144,72,54,9,,,,,,
88,19,114,76,57,9,,,,,,
89,20,100,60,60,9,,,,,,
90,21,105,42,63,9,,,,,,
91,22,110,44,66,9,,,,,,
92,23,115,23,69,9,,,,,,
93,24,96,24,72,9,,,,,,
94,25,75,25,75,9,,,,,,
95,26,26,26,78,9,,,,,,
96,27,0,0,27,9,,,,,,
97,28,0,0,28,9,,,,,,
98,29,0,0,0,9,,,,,,
99,30,0,0,0,9,,,,,,
0,6,13,8,3,10,,,,,,
1,12,26,16,6,10,,,,,,
2,18,39,24,9,10,,,,,,
3,24,44,32,12,10,,,,,,
4,30,55,40,15,10,,,,,,
5,36,66,48,18,10,,,,,,
6,42,77,56,21,10,,,,,,
7,48,88,64,24,10,,,,,,
8,54,99,72,27,10,,,,,,
9,60,110,80,30,10,,,,,,
10,66,121,88,33,10,,,,,,
11,72,132,84,36,10,,,,,,
12,78,117,52,26,10,,,,,,
13,56,126,56,28,10,,,,,,
14,60,135,60,30,10,,,,,,
15,48,128,64,16,10,,,,,,
16,34,136,68,17,10,,,,,,
17,18,126,72,18,10,,,,,,
18,19,133,57,19,10,,,,,,
19,20,140,60,20,10,,,,,,
20,21,147,63,21,10,,,,,,
21,22,132,66,22,10,,,,,,
22,23,115,69,23,10,,,,,,
23,24,96,72,24,10,,,,,,
24,25,100,50,0,10,,,,,,
25,26,104,26,0,10,,,,,,
26,0,54,27,0,10,,,,,,
27,0,56,28,0,10,,,,,,
28,0,29,29,0,10,,,,,,
29,0,30,30,0,10,,,,,,
30,0,31,31,0,10,,,,,,
31,7,12,8,3,10,,,,,,
32,14,24,16,6,10,,,,,,
33,18,36,24,9,10,,,,,,
34,24,48,32,12,10,,,,,,
35,30,60,40,15,10,,,,,,
36,36,72,48,18,10,,,,,,
37,42,84,56,21,10,,,,,,
38,48,88,64,24,10,,,,,,
39,54,99,72,27,10,,,,,,
40,60,110,80,30,10,,,,,,
41,55,121,88,33,10,,,,,,
42,60,132,84,36,10,,,,,,
43,65,130,78,39,10,,,,,,
44,70,126,84,28,10,,,,,,
45,75,135,75,30,10,,,,,,
46,80,144,80,32,10,,,,,,
47,85,153,85,34,10,,,,,,
48,72,162,90,36,10,,,,,,
49,57,171,95,38,10,,,,,,
50,60,140,100,40,10,,,,,,
51,42,126,84,42,10,,,,,,
52,44,132,88,44,10,,,,,,
53,46,115,92,46,10,,,,,,
54,24,120,48,24,10,,,,,,
55,25,75,50,25,10,,,,,,
56,26,78,26,26,10,,,,,,
57,27,81,27,27,10,,,,,,
58,28,84,0,28,10,,,,,,
59,29,29,0,29,10,,,,,,
60,30,30,0,30,10,,,,,,
61,0,0,0,31,10,,,,,,
62,0,0,0,32,10,,,,,,
63,0,0,0,33,10,,,,,,
64,8,7,8,7,10,,,,,,
65,16,14,16,14,10,,,,,,
66,24,21,24,21,10,,,,,,
67,32,28,32,28,10,,,,,,
68,40,35,40,30,10,,,,,,
69,48,42,48,36,10,,,,,,
70,56,49,56,42,10,,,,,,
71,64,56,56,48,10,,,,,,
72,72,63,63,54,10,,,,,,
73,80,70,70,50,10,,,,,,
74,66,77,77,44,10,,,,,,
75,72,84,84,48,10,,,,,,
76,78,91,91,52,10,,,,,,
77,84,84,98,56,10,,,,,,
78,75,75,75,60,10,,,,,,
79,80,64,80,48,10,,,,,,
80,85,68,51,51,10,,,,,,
81,90,72,54,54,10,,,,,,
82,95,76,57,19,10,,,,,,
83,80,60,40,20,10,,,,,,
84,84,42,42,0,10,,,,,,
85,88,44,22,0,10,,,,,,
86,92,46,23,0,10,,,,,,
87,72,48,24,0,10,,,,,,
88,75,25,25,0,10,,,,,,
89,78,0,26,0,10,,,,,,
90,54,0,27,0,10,,,,,,
91,56,0,28,0,10,,,,,,
92,5,11,7,7,10,,,,,,
93,10,22,14,14,10,,,,,,
94,15,33,21,21,10,,,,,,
95,20,44,24,28,10,,,,,,
96,25,55,30,35,10,,,,,,
97,30,66,30,42,10,,,,,,
98,35,77,35,49,10,,,,,,
99,40,88,40,56,10,,,,,,
0,7,10,5,8,11,,,,,,
1,14,20,10,16,11,,,,,,
2,21,30,15,21,11,,,,,,
3,28,40,20,28,11,,,,,,
4,35,50,25,35,11,,,,,,
5,42,60,30,42,11,,,,,,
6,49,70,35,49,11,,,,,,
7,56,80,40,56,11,,,,,,
8,63,81,45,45,11,,,,,,
9,70,80,50,50,11,,,,,,
10,66,88,55,44,11,,,,,,
11,72,96,60,36,11,,,,,,
12,78,104,52,39,11,,,,,,
13,70,98,56,42,11,,,,,,
14,75,105,60,45,11,,,,,,
15,64,112,64,48,11,,,,,,
16,68,119,51,51,11,,,,,,
17,72,108,54,54,11,,,,,,
18,57,114,57,57,11,,,,,,
19,60,120,60,60,11,,,,,,
20,63,126,63,42,11,,,,,,
21,66,110,66,22,11,,,,,,
22,69,115,69,23,11,,,,,,
23,72,120,72,24,11,,,,,,
24,50,100,75,25,11,,,,,,
25,52,104,52,26,11,,,,,,
26,54,108,27,0,11,,,,,,
27,56,112,28,0,11,,,,,,
28,58,116,29,0,11,,,,,,
29,30,90,30,0,11,,,,,,
30,31,62,31,0,11,,,,,,
31,32,32,32,0,11,,,,,,
32,10,5,11,4,11,,,,,,
33,20,10,22,8,11,,,,,,
34,30,12,33,12,11,,,,,,
35,40,16,40,16,11,,,,,,
36,50,20,50,20,11,,,,,,
37,54,24,60,24,11,,,,,,
38,63,28,70,28,11,,,,,,
39,64,32,80,32,11,,,,,,
40,63,36,90,36,11,,,,,,
41,70,40,100,40,11,,,,,,
42,66,44,110,44,11,,,,,,
43,60,48,120,48,11,,,,,,
44,65,52,130,52,11,,,,,,
45,56,42,140,42,11,,,,,,
46,60,45,150,30,11,,,,,,
47,64,48,144,32,11,,,,,,
48,68,51,136,34,11,,,,,,
49,72,36,144,36,11,,,,,,
50,76,38,133,38,11,,,,,,
51,80,40,140,20,11,,,,,,
52,84,42,147,21,11,,,,,,
53,66,44,132,22,11,,,,,,
54,69,46,138,23,11,,,,,,
55,72,48,120,0,11,,,,,,
56,50,0,125,0,11,,,,,,
57,52,0,130,0,11,,,,,,
58,27,0,135,0,11,,,,,,
59,28,0,84,0,11,,,,,,
60,29,0,87,0,11,,,,,,
61,30,0,60,0,11,,,,,,
62,31,0,62,0,11,,,,,,
63,32,0,64,0,11,,,,,,
64,33,0,0,0,11,,,,,,
65,34,0,0,0,11,,,,,,
66,35,0,0,0,11,,,,,,
67,7,3,10,10,11,,,,,,
68,14,6,20,20,11,,,,,,
69,21,9,30,27,11,,,,,,
70,28,12,40,36,11,,,,,,
71,35,15,50,45,11,,,,,,
72,42,18,60,54,11,,,,,,
73,49,21,70,63,11,,,,,,
74,48,24,80,72,11,,,,,,
75,54,27,90,81,11,,,,,,
76,60,30,100,80,11,,,,,,
77,66,33,110,88,11,,,,,,
78,60,36,120,84,11,,,,,,
79,65,39,117,91,11,,,,,,
80,70,42,112,98,11,,,,,,
81,75,45,120,90,11,,,,,,
82,80,32,112,96,11,,,,,,
83,85,34,119,102,11,,,,,,
84,90,36,126,108,11,,,,,,
85,76,19,114,76,11,,,,,,
86,40,20,120,40,11,,,,,,
87,42,21,126,42,11,,,,,,
88,44,22,132,44,11,,,,,,
89,46,23,92,46,11,,,,,,
90,48,0,96,24,11,,,,,,
91,50,0,100,25,11,,,,,,
92,52,0,52,0,11,,,,,,
93,27,0,54,0,11,,,,,,
94,0,0,56,0,11,,,,,,
95,0,0,29,0,11,,,,,,
96,0,0,30,0,11,,,,,,
97,9,7,10,4,11,,,,,,
98,18,14,20,8,11,,,,,,
99,27,21,30,12,11,,,,,,
0,9,6,6,9,12,,,,,,
1,18,12,12,18,12,,,,,,
2,24,18,15,27,12,,,,,,
3,32,24,20,36,12,,,,,,
4,40,30,25,40,12,,,,,,
5,48,36,30,48,12,,,,,,
6,56,42,35,56,12,,,,,,
7,64,48,40,64,12,,,,,,
8,72,54,45,72,12,,,,,,
9,80,60,50,80,12,,,,,,
10,88,66,55,88,12,,,,,,
11,96,72,60,96,12,,,,,,
12,104,78,65,104,12,,,,,,
13,112,84,70,98,12,,,,,,
14,120,90,60,90,12,,,,,,
15,128,80,64,64,12,,,,,,
16,119,68,51,68,12,,,,,,
17,126,72,54,72,12,,,,,,
18,133,57,57,76,12,,,,,,
19,140,60,60,80,12,,,,,,
20,147,63,63,84,12,,,,,,
21,154,44,44,66,12,,,,,,
22,138,46,46,69,12,,,,,,
23,120,24,24,72,12,,,,,,
24,125,25,25,50,12,,,,,,
25,104,0,0,52,12,,,,,,
26,81,0,0,54,12,,,,,,
27,84,0,0,56,12,,,,,,
28,58,0,0,58,12,,,,,,
29,30,0,0,30,12,,,,,,
30,8,5,6,11,12,,,,,,
31,16,10,12,22,12,,,,,,
32,24,15,18,33,12,,,,,,
33,32,20,24,44,12,,,,,,
34,40,25,30,55,12,,,,,,
35,42,30,30,66,12,,,,,,
36,49,35,35,77,12,,,,,,
37,56,32,40,88,12,,,,,,
38,63,36,45,99,12,,,,,,
39,70,40,50,110,12,,,,,,
40,77,44,55,110,12,,,,,,
41,72,48,60,120,12,,,,,,
42,78,52,52,117,12,,,,,,
43,84,56,56,126,12,,,,,,
44,90,60,60,120,12,,,,,,
45,80,64,48,112,12,,,,,,
46,51,68,51,119,12,,,,,,
47,54,72,36,108,12,,,,,,
48,38,76,38,76,12,,,,,,
49,40,60,40,80,12,,,,,,
50,42,63,42,84,12,,,,,,
51,44,66,44,88,12,,,,,,
52,46,69,23,92,12,,,,,,
53,48,48,24,96,12,,,,,,
54,50,50,25,50,12,,,,,,
55,52,52,26,26,12,,,,,,
56,0,27,0,27,12,,,,,,
57,0,28,0,28,12,,,,,,
58,0,0,0,29,12,,,,,,
59,0,0,0,30,12,,,,,,
60,5,5,11,9,12,,,,,,
61,10,10,22,18,12,,,,,,
62,15,15,33,27,12,,,,,,
63,20,20,44,36,12,,,,,,
64,25,25,55,45,12,,,,,,
65,30,30,66,54,12,,,,,,
66,35,35,77,63,12,,,,,,
67,40,40,88,72,12,,,,,,
68,45,45,99,81,12,,,,,,
69,50,50,110,90,12,,,,,,
70,55,55,110,99,12,,,,,,
71,60,60,120,96,12,,,,,,
72,65,52,130,104,12,,,,,,
73,70,56,140,98,12,,,,,,
74,75,60,150,105,12,,,,,,
75,64,64,160,96,12,,,,,,
76,51,51,153,102,12,,,,,,
77,54,54,162,90,12,,,,,,
78,57,38,152,76,12,,,,,,
79,60,40,160,60,12,,,,,,
80,63,42,147,63,12,,,,,,
81,22,22,154,66,12,,,,,,
82,0,23,138,69,12,,,,,,
83,0,24,144,48,12,,,,,,
84,0,25,150,50,12,,,,,,
85,0,26,130,52,12,,,,,,
86,0,27,108,27,12,,,,,,
87,0,28,84,28,12,,,,,,
88,0,29,58,29,12,,,,,,
89,0,30,60,30,12,,,,,,
90,0,31,31,31,12,,,,,,
91,0,32,32,32,12,,,,,,
92,0,33,33,33,12,,,,,,
93,0,0,34,34,12,,,,,,
94,0,0,35,0,12,,,,,,
95,4,8,11,7,12,,,,,,
96,8,16,22,14,12,,,,,,
97,12,21,33,21,12,,,,,,
98,16,28,44,28,12,,,,,,
99,20,30,55,35,12,,,,,,
0,10,7,3,10,13,,,,,,
1,20,14,6,20,13,,,,,,
2,30,21,9,30,13,,,,,,
3,40,28,12,40,13,,,,,,
4,50,35,15,50,13,,,,,,
5,60,36,18,60,13,,,,,,
6,70,35,21,70,13,,,,,,
7,80,40,24,80,13,,,,,,
8,90,45,27,81,13,,,,,,
9,100,50,30,90,13,,,,,,
10,110,44,33,88,13,,,,,,
11,120,36,24,84,13,,,,,,
12,130,39,26,91,13,,,,,,
13,126,28,28,98,13,,,,,,
14,135,15,30,105,13,,,,,,
15,144,16,32,112,13,,,,,,
16,136,17,17,102,13,,,,,,
17,126,18,18,90,13,,,,,,
18,133,19,19,95,13,,,,,,
19,120,20,20,100,13,,,,,,
20,84,21,21,84,13,,,,,,
21,88,22,22,22,13,,,,,,
22,92,0,23,23,13,,,,,,
23,72,0,24,24,13,,,,,,
24,75,0,25,25,13,,,,,,
25,78,0,26,26,13,,,,,,
26,54,0,0,27,13,,,,,,
27,56,0,0,28,13,,,,,,
28,29,0,0,29,13,,,,,,
29,6,4,12,8,13,,,,,,
30,12,8,24,16,13,,,,,,
31,15,12,33,24,13,,,,,,
32,20,16,44,32,13,,,,,,
33,25,20,55,40,13,,,,,,
34,30,24,60,48,13,,,,,,
35,35,28,70,56,13,,,,,,
36,40,32,80,64,13,,,,,,
37,45,36,90,54,13,,,,,,
38,50,40,100,60,13,,,,,,
39,55,44,110,55,13,,,,,,
40,60,48,108,48,13,,,,,,
41,65,52,117,52,13,,,,,,
42,70,56,126,56,13,,,,,,
43,75,60,135,60,13,,,,,,
44,80,64,144,64,13,,,,,,
45,85,68,153,68,13,,,,,,
46,72,72,162,54,13,,,,,,
47,57,76,171,57,13,,,,,,
48,60,80,180,20,13,,,,,,
49,42,63,189,21,13,,,,,,
50,44,66,198,22,13,,,,,,
51,46,69,184,23,13,,,,,,
52,48,48,144,24,13,,,,,,
53,25,25,150,25,13,,,,,,
54,26,26,104,26,13,,,,,,
55,0,27,27,27,13,,,,,,
56,0,28,28,28,13,,,,,,
57,0,29,29,0,13,,,,,,
58,0,30,30,0,13,,,,,,
59,0,31,0,0,13,,,,,,
60,0,32,0,0,13,,,,,,
61,0,33,0,0,13,,,,,,
62,7,7,9,7,13,,,,,,
63,14,14,18,14,13,,,,,,
64,21,21,27,21,13,,,,,,
65,28,28,36,28,13,,,,,,
66,35,35,45,35,13,,,,,,
67,42,42,54,36,13,,,,,,
68,49,49,63,42,13,,,,,,
69,56,56,72,48,13,,,,,,
70,63,63,81,54,13,,,,,,
71,70,70,90,60,13,,,,,,
72,77,77,99,66,13,,,,,,
73,84,84,108,60,13,,,,,,
74,78,91,117,65,13,,,,,,
75,56,98,126,70,13,,,,,,
76,60,105,135,75,13,,,,,,
77,64,96,144,80,13,,,,,,
78,68,102,136,85,13,,,,,,
79,72,108,126,90,13,,,,,,
80,57,114,133,95,13,,,,,,
81,40,120,140,100,13,,,,,,
82,42,105,147,105,13,,,,,,
83,44,110,132,110,13,,,,,,
84,23,115,92,69,13,,,,,,
85,24,120,96,72,13,,,,,,
86,25,125,100,75,13,,,,,,
87,26,130,78,52,13,,,,,,
88,27,135,81,54,13,,,,,,
89,28,140,28,28,13,,,,,,
90,29,145,29,29,13,,,,,,
91,30,90,30,30,13,,,,,,
92,31,62,31,0,13,,,,,,
93,32,32,32,0,13,,,,,,
94,33,33,0,0,13,,,,,,
95,34,0,0,0,13,,,,,,
96,35,0,0,0,13,,,,,,
97,9,2,10,9,13,,,,,,
98,18,4,20,18,13,,,,,,
99,27,3,30,27,13,,,,,,
0,4,10,8,8,14,,,,,,
1,8,20,16,16,14,,,,,,
2,9,30,24,24,14,,,,,,
3,12,40,32,28,14,,,,,,
4,15,50,40,35,14,,,,,,
5,18,60,48,42,14,,,,,,
6,21,70,56,49,14,,,,,,
7,24,80,64,56,14,,,,,,
8,27,90,72,63,14,,,,,,
9,30,100,80,70,14,,,,,,
10,33,110,88,77,14,,,,,,
11,36,120,96,72,14,,,,,,
12,39,130,91,78,14,,,,,,
13,42,140,98,84,14,,,,,,
14,45,135,105,75,14,,,,,,
15,48,112,112,80,14,,,,,,
16,51,119,102,68,14,,,,,,
17,54,126,108,54,14,,,,,,
18,57,114,114,57,14,,,,,,
19,60,80,120,60,14,,,,,,
20,63,84,126,42,14,,,,,,
21,44,88,132,22,14,,,,,,
22,23,46,115,23,14,,,,,,
23,24,48,120,24,14,,,,,,
24,0,25,100,25,14,,,,,,
25,0,26,104,26,14,,,,,,
26,0,27,108,27,14,,,,,,
27,0,28,84,28,14,,,,,,
28,0,0,87,29,14,,,,,,
29,0,0,90,30,14,,,,,,
30,0,0,93,31,14,,,,,,
31,0,0,96,32,14,,,,,,
32,0,0,66,33,14,,,,,,
33,0,0,34,0,14,,,,,,
34,7,8,7,8,14,,,,,,
35,14,16,14,16,14,,,,,,
36,21,24,21,24,14,,,,,,
37,28,32,24,32,14,,,,,,
38,35,40,30,40,14,,,,,,
39,42,48,36,48,14,,,,,,
40,49,56,35,56,14,,,,,,
41,48,64,40,64,14,,,,,,
42,54,63,45,72,14,,,,,,
43,60,70,50,80,14,,,,,,
44,66,77,55,77,14,,,,,,
45,48,84,60,84,14,,,,,,
46,52,91,65,91,14,,,,,,
47,56,98,56,84,14,,,,,,
48,60,105,60,90,14,,,,,,
49,64,112,48,80,14,,,,,,
50,51,119,51,85,14,,,,,,
51,54,108,54,72,14,,,,,,
52,57,114,38,76,14,,,,,,
53,40,100,40,80,14,,,,,,
54,42,105,21,84,14,,,,,,
55,44,110,22,88,14,,,,,,
56,46,92,23,69,14,,,,,,
57,48,72,24,72,14,,,,,,
58,25,75,25,50,14,,,,,,
59,26,78,26,26,14,,,,,,
60,27,81,27,0,14,,,,,,
61,0,56,28,0,14,,,,,,
62,0,58,0,0,14,,,,,,
63,0,30,0,0,14,,,,,,
64,0,31,0,0,14,,,,,,
65,12,8,4,6,14,,,,,,
66,24,16,8,12,14,,,,,,
67,36,24,12,18,14,,,,,,
68,48,32,16,24,14,,,,,,
69,60,40,20,30,14,,,,,,
70,66,48,24,36,14,,,,,,
71,77,56,28,35,14,,,,,,
72,88,64,32,40,14,,,,,,
73,81,72,36,45,14,,,,,,
74,90,80,40,40,14,,,,,,
75,99,88,44,44,14,,,,,,
76,108,96,48,48,14,,,,,,
77,117,104,52,39,14,,,,,,
78,112,112,56,42,14,,,,,,
79,120,90,60,45,14,,,,,,
80,112,96,64,48,14,,,,,,
81,119,102,68,51,14,,,,,,
82,108,108,72,54,14,,,,,,
83,95,95,76,57,14,,,,,,
84,100,100,40,40,14,,,,,,
85,105,105,21,42,14,,,,,,
86,110,88,22,44,14,,,,,,
87,69,69,23,46,14,,,,,,
88,72,72,24,48,14,,,,,,
89,75,75,25,50,14,,,,,,
90,78,78,0,52,14,,,,,,
91,54,54,0,27,14,,,,,,
92,0,56,0,28,14,,,,,,
93,0,58,0,0,14,,,,,,
94,0,30,0,0,14,,,,,,
95,0,31,0,0,14,,,,,,
96,0,32,0,0,14,,,,,,
97,9,7,9,5,14,,,,,,
98,18,14,18,10,14,,,,,,
99,27,21,27,15,14,,,,,,
0,10,7,9,4,15,,,,,,
1,20,14,18,8,15,,,,,,
2,30,21,27,9,15,,,,,,
3,40,28,36,12,15,,,,,,
4,50,35,45,15,15,,,,,,
5,60,42,54,18,15,,,,,,
6,70,49,63,21,15,,,,,,
7,80,56,64,24,15,,,,,,
8,90,63,72,27,15,,,,,,
9,100,70,80,30,15,,,,,,
10,99,77,88,33,15,,,,,,
11,108,84,96,36,15,,,,,,
12,117,65,78,39,15,,,,,,
13,126,70,84,42,15,,,,,,
14,120,60,90,45,15,,,,,,
15,112,48,80,48,15,,,,,,
16,119,51,68,51,15,,,,,,
17,126,54,72,54,15,,,,,,
18,133,38,57,57,15,,,,,,
19,120,20,60,60,15,,,,,,
20,126,21,63,63,15,,,,,,
21,88,22,66,66,15,,,,,,
22,92,23,23,69,15,,,,,,
23,24,0,24,48,15,,,,,,
24,25,0,25,50,15,,,,,,
25,26,0,26,52,15,,,,,,
26,0,0,27,27,15,,,,,,
27,0,0,28,28,15,,,,,,
28,0,0,29,29,15,,,,,,
29,0,0,30,0,15,,,,,,
30,0,0,31,0,15,,,,,,
31,0,0,32,0,15,,,,,,
32,8,8,7,7,15,,,,,,
33,16,16,14,14,15,,,,,,
34,24,24,18,21,15,,,,,,
35,28,32,24,28,15,,,,,,
36,35,40,30,35,15,,,,,,
37,42,48,36,42,15,,,,,,
38,49,56,42,49,15,,,,,,
39,56,64,48,56,15,,,,,,
40,63,72,54,63,15,,,,,,
41,70,80,50,70,15,,,,,,
42,77,55,55,77,15,,,,,,
43,72,60,60,72,15,,,,,,
44,78,65,65,65,15,,,,,,
45,84,70,70,70,15,,,,,,
46,90,75,75,75,15,,,,,,
47,96,80,80,80,15,,,,,,
48,85,68,68,85,15,,,,,,
49,90,72,72,90,15,,,,,,
50,57,57,76,95,15,,,,,,
51,60,40,80,100,15,,,,,,
52,63,42,84,105,15,,,,,,
53,66,44,88,88,15,,,,,,
54,69,46,92,92,15,,,,,,
55,48,48,96,48,15,,,,,,
56,50,50,75,50,15,,,,,,
57,52,0,52,52,15,,,,,,
58,54,0,54,27,15,,,,,,
59,56,0,56,28,15,,,,,,
60,29,0,58,29,15,,,,,,
61,30,0,60,30,15,,,,,,
62,31,0,62,0,15,,,,,,
63,32,0,64,0,15,,,,,,
64,33,0,33,0,15,,,,,,
65,34,0,34,0,15,,,,,,
66,6,9,9,6,15,,,,,,
67,12,18,18,12,15,,,,,,
68,18,27,27,18,15,,,,,,
69,24,36,36,24,15,,,,,,
70,30,45,45,30,15,,,,,,
71,36,54,54,36,15,,,,,,
72,42,63,63,42,15,,,,,,
73,48,72,72,48,15,,,,,,
74,54,81,81,54,15,,,,,,
75,60,90,90,60,15,,,,,,
76,66,88,99,66,15,,,,,,
77,72,96,108,72,15,,,,,,
78,78,104,117,65,15,,,,,,
79,84,98,126,70,15,,,,,,
80,75,105,135,75,15,,,,,,
81,80,112,144,80,15,,,,,,
82,85,102,153,85,15,,,,,,
83,90,108,162,72,15,,,,,,
84,76,114,171,76,15,,,,,,
85,80,100,160,80,15,,,,,,
86,84,84,168,42,15,,,,,,
87,88,88,176,44,15,,,,,,
88,69,92,138,46,15,,,,,,
89,72,96,144,48,15,,,,,,
90,25,100,150,50,15,,,,,,
91,26,104,130,52,15,,,,,,
92,27,81,135,27,15,,,,,,
93,28,84,140,28,15,,,,,,
94,29,87,116,29,15,,,,,,
95,0,60,60,30,15,,,,,,
96,0,62,62,31,15,,,,,,
97,0,64,64,32,15,,,,,,
98,0,66,33,33,15,,,,,,
99,0,34,0,0,15,,,,,,
0,7,10,6,7,16,,,,,,
1,14,20,12,14,16,,,,,,
2,21,30,18,21,16,,,,,,
3,28,40,24,28,16,,,,,,
4,35,50,30,35,16,,,,,,
5,42,60,36,42,16,,,,,,
6,49,70,42,49,16,,,,,,
7,56,80,48,56,16,,,,,,
8,45,90,45,54,16,,,,,,
9,50,100,50,60,16,,,,,,
10,55,110,55,66,16,,,,,,
11,60,120,60,72,16,,,,,,
12,65,130,65,78,16,,,,,,
13,56,140,70,84,16,,,,,,
14,45,150,75,90,16,,,,,,
15,48,144,64,96,16,,,,,,
16,51,136,68,102,16,,,,,,
17,54,144,72,108,16,,,,,,
18,57,152,57,114,16,,,,,,
19,40,160,60,100,16,,,,,,
20,42,168,63,105,16,,,,,,
21,44,154,44,110,16,,,,,,
22,23,161,46,115,16,,,,,,
23,24,144,24,120,16,,,,,,
24,25,150,25,100,16,,,,,,
25,26,130,26,26,16,,,,,,
26,0,108,27,0,16,,,,,,
27,0,84,28,0,16,,,,,,
28,0,87,29,0,16,,,,,,
29,0,60,30,0,16,,,,,,
30,0,31,31,0,16,,,,,,
31,0,0,32,0,16,,,,,,
32,0,0,33,0,16,,,,,,
33,12,3,5,10,16,,,,,,
34,24,6,10,20,16,,,,,,
35,36,9,15,30,16,,,,,,
36,48,12,16,40,16,,,,,,
37,60,15,20,50,16,,,,,,
38,72,18,24,60,16,,,,,,
39,77,21,28,70,16,,,,,,
40,88,24,32,80,16,,,,,,
41,99,27,36,90,16,,,,,,
42,110,30,40,90,16,,,,,,
43,121,33,44,99,16,,,,,,
44,132,36,48,108,16,,,,,,
45,130,39,39,117,16,,,,,,
46,140,42,42,112,16,,,,,,
47,150,45,45,120,16,,,,,,
48,160,48,48,112,16,,,,,,
49,170,51,51,119,16,,,,,,
50,180,54,54,126,16,,,,,,
51,171,57,57,114,16,,,,,,
52,180,60,60,120,16,,,,,,
53,168,63,0,105,16,,,,,,
54,176,66,0,88,16,,,,,,
55,184,69,0,92,16,,,,,,
56,120,72,0,96,16,,,,,,
57,125,75,0,50,16,,,,,,
58,130,26,0,52,16,,,,,,
59,108,27,0,54,16,,,,,,
60,84,28,0,56,16,,,,,,
61,58,29,0,0,16,,,,,,
62,60,30,0,0,16,,,,,,
63,62,0,0,0,16,,,,,,
64,64,0,0,0,16,,,,,,
65,66,0,0,0,16,,,,,,
66,3,10,8,9,16,,,,,,
67,6,20,16,18,16,,,,,,
68,9,30,24,27,16,,,,,,
69,12,40,32,32,16,,,,,,
70,15,50,40,40,16,,,,,,
71,12,60,48,48,16,,,,,,
72,14,70,56,56,16,,,,,,
73,16,80,64,56,16,,,,,,
74,18,90,63,63,16,,,,,,
75,20,100,70,70,16,,,,,,
76,22,110,77,77,16,,,,,,
77,24,120,84,84,16,,,,,,
78,26,117,91,91,16,,,,,,
79,28,126,84,98,16,,,,,,
80,30,135,75,105,16,,,,,,
81,32,128,80,112,16,,,,,,
82,34,136,68,119,16,,,,,,
83,36,144,54,126,16,,,,,,
84,38,152,57,133,16,,,,,,
85,40,140,60,120,16,,,,,,
86,42,63,42,126,16,,,,,,
87,22,44,22,132,16,,,,,,
88,23,46,23,115,16,,,,,,
89,24,48,24,120,16,,,,,,
90,25,50,25,125,16,,,,,,
91,0,52,26,130,16,,,,,,
92,0,54,27,108,16,,,,,,
93,0,56,28,84,16,,,,,,
94,0,29,29,58,16,,,,,,
95,0,0,30,60,16,,,,,,
96,8,6,8,8,16,,,,,,
97,16,12,16,16,16,,,,,,
98,24,18,24,24,16,,,,,,
99,32,24,32,32,16,,,,,,
0,8,7,6,9,17,,,,,,
1,16,14,12,18,17,,,,,,
2,24,21,18,24,17,,,,,,
3,32,28,24,32,17,,,,,,
4,40,35,30,40,17,,,,,,
5,48,36,36,48,17,,,,,,
6,56,42,42,56,17,,,,,,
7,64,48,48,64,17,,,,,,
8,72,54,54,72,17,,,,,,
9,80,60,60,80,17,,,,,,
10,88,66,66,88,17,,,,,,
11,96,72,72,96,17,,,,,,
12,104,78,65,104,17,,,,,,
13,112,84,70,112,17,,,,,,
14,120,90,75,105,17,,,,,,
15,128,96,80,96,17,,,,,,
16,119,102,85,102,17,,,,,,
17,126,108,90,108,17,,,,,,
18,133,114,95,114,17,,,,,,
19,140,120,100,80,17,,,,,,
20,147,126,105,84,17,,,,,,
21,132,88,110,66,17,,,,,,
22,138,92,92,69,17,,,,,,
23,144,72,96,72,17,,,,,,
24,50,75,75,75,17,,,,,,
25,26,52,52,78,17,,,,,,
26,27,54,54,81,17,,,,,,
27,28,28,28,84,17,,,,,,
28,0,29,29,87,17,,,,,,
29,0,0,30,60,17,,,,,,
30,0,0,31,31,17,,,,,,
31,0,0,32,0,17,,,,,,
32,0,0,33,0,17,,,,,,
33,0,0,34,0,17,,,,,,
34,0,0,35,0,17,,,,,,
35,0,0,36,0,17,,,,,,
36,7,4,13,6,17,,,,,,
37,14,8,26,12,17,,,,,,
38,21,12,39,18,17,,,,,,
39,28,16,52,24,17,,,,,,
40,35,20,65,30,17,,,,,,
41,42,24,78,36,17,,,,,,
42,49,28,91,42,17,,,,,,
43,56,32,104,48,17,,,,,,
44,63,36,117,45,17,,,,,,
45,70,40,130,50,17,,,,,,
46,77,44,132,55,17,,,,,,
47,72,48,144,60,17,,,,,,
48,78,52,156,52,17,,,,,,
49,84,56,168,42,17,,,,,,
50,75,60,180,45,17,,,,,,
51,48,64,192,48,17,,,,,,
52,51,68,204,51,17,,,,,,
53,54,54,198,54,17,,,,,,
54,57,57,190,57,17,,,,,,
55,60,60,160,60,17,,,,,,
56,63,63,168,63,17,,,,,,
57,44,44,132,44,17,,,,,,
58,46,23,138,23,17,,,,,,
59,48,24,120,24,17,,,,,,
60,50,25,125,25,17,,,,,,
61,26,26,104,26,17,,,,,,
62,27,27,108,27,17,,,,,,
63,28,28,84,28,17,,,,,,
64,29,29,87,29,17,,,,,,
65,30,0,60,0,17,,,,,,
66,31,0,62,0,17,,,,,,
67,0,0,64,0,17,,,,,,
68,0,0,66,0,17,,,,,,
69,0,0,68,0,17,,,,,,
70,0,0,70,0,17,,,,,,
71,0,0,36,0,17,,,,,,
72,7,11,5,7,17,,,,,,
73,14,22,10,14,17,,,,,,
74,21,33,15,21,17,,,,,,
75,24,44,20,28,17,,,,,,
76,30,55,25,35,17,,,,,,
77,36,66,30,42,17,,,,,,
78,42,77,35,49,17,,,,,,
79,48,88,40,56,17,,,,,,
80,54,99,45,63,17,,,,,,
81,60,110,50,70,17,,,,,,
82,66,110,55,77,17,,,,,,
83,72,120,48,84,17,,,,,,
84,78,130,52,91,17,,,,,,
85,84,140,42,98,17,,,,,,
86,90,150,45,90,17,,,,,,
87,96,144,48,80,17,,,,,,
88,85,153,51,85,17,,,,,,
89,72,162,36,54,17,,,,,,
90,76,171,38,38,17,,,,,,
91,80,160,40,40,17,,,,,,
92,84,147,42,42,17,,,,,,
93,88,132,44,44,17,,,,,,
94,69,115,46,46,17,,,,,,
95,24,120,24,24,17,,,,,,
96,25,50,25,25,17,,,,,,
97,26,26,26,26,17,,,,,,
98,27,0,27,27,17,,,,,,
99,28,0,28,28,17,,,,,,
0,7,5,5,13,18,,,,,,
1,14,10,10,26,18,,,,,,
2,21,15,15,39,18,,,,,,
3,28,20,20,52,18,,,,,,
4,35,25,25,65,18,,,,,,
5,42,30,30,78,18,,,,,,
6,49,35,35,91,18,,,,,,
7,56,40,40,104,18,,,,,,
8,63,45,45,117,18,,,,,,
9,60,50,50,130,18,,,,,,
10,66,55,55,143,18,,,,,,
11,72,60,48,144,18,,,,,,
12,65,52,52,143,18,,,,,,
13,70,56,56,154,18,,,,,,
14,75,60,60,165,18,,,,,,
15,80,64,48,176,18,,,,,,
16,68,68,34,187,18,,,,,,
17,72,72,36,180,18,,,,,,
18,38,57,38,152,18,,,,,,
19,40,60,40,160,18,,,,,,
20,0,63,21,147,18,,,,,,
21,0,66,22,154,18,,,,,,
22,0,69,23,138,18,,,,,,
23,0,72,24,120,18,,,,,,
24,0,75,25,125,18,,,,,,
25,0,52,26,52,18,,,,,,
26,0,54,27,54,18,,,,,,
27,0,56,28,28,18,,,,,,
28,0,29,29,29,18,,,,,,
29,0,30,30,30,18,,,,,,
30,0,31,31,31,18,,,,,,
31,0,32,32,32,18,,,,,,
32,0,0,33,0,18,,,,,,
33,6,6,6,12,18,,,,,,
34,12,12,12,24,18,,,,,,
35,18,18,18,33,18,,,,,,
36,24,24,24,44,18,,,,,,
37,30,30,30,55,18,,,,,,
38,36,36,36,66,18,,,,,,
39,42,42,42,77,18,,,,,,
40,48,48,48,88,18,,,,,,
41,54,54,54,90,18,,,,,,
42,60,60,60,100,18,,,,,,
43,55,55,66,99,18,,,,,,
44,48,60,60,108,18,,,,,,
45,52,65,65,117,18,,,,,,
46,56,70,70,112,18,,,,,,
47,60,75,75,120,18,,,,,,
48,64,80,80,128,18,,,,,,
49,68,68,85,119,18,,,,,,
50,72,72,90,126,18,,,,,,
51,76,76,95,114,18,,,,,,
52,80,60,100,120,18,,,,,,
53,63,63,84,126,18,,,,,,
54,66,66,88,132,18,,,,,,
55,69,69,92,138,18,,,,,,
56,48,48,72,96,18,,,,,,
57,25,0,75,100,18,,,,,,
58,26,0,52,26,18,,,,,,
59,27,0,54,27,18,,,,,,
60,0,0,28,28,18,,,,,,
61,0,0,29,29,18,,,,,,
62,0,0,30,0,18,,,,,,
63,0,0,31,0,18,,,,,,
64,0,0,32,0,18,,,,,,
65,0,0,33,0,18,,,,,,
66,9,6,10,5,18,,,,,,
67,18,12,20,10,18,,,,,,
68,27,18,24,15,18,,,,,,
69,36,24,32,20,18,,,,,,
70,45,30,40,25,18,,,,,,
71,54,36,48,30,18,,,,,,
72,63,42,56,35,18,,,,,,
73,72,48,64,40,18,,,,,,
74,81,54,72,45,18,,,,,,
75,90,60,80,50,18,,,,,,
76,99,66,88,55,18,,,,,,
77,108,72,96,60,18,,,,,,
78,117,78,91,65,18,,,,,,
79,112,84,98,70,18,,,,,,
80,120,90,105,75,18,,,,,,
81,128,80,112,80,18,,,,,,
82,136,85,102,51,18,,,,,,
83,144,90,108,54,18,,,,,,
84,152,95,114,57,18,,,,,,
85,160,100,120,20,18,,,,,,
86,168,105,105,21,18,,,,,,
87,154,110,110,22,18,,,,,,
88,161,115,92,23,18,,,,,,
89,168,120,96,24,18,,,,,,
90,125,100,75,25,18,,,,,,
91,130,104,78,26,18,,,,,,
92,108,108,54,27,18,,,,,,
93,84,84,56,28,18,,,,,,
94,29,58,58,29,18,,,,,,
95,30,60,60,30,18,,,,,,
96,31,0,62,31,18,,,,,,
97,32,0,64,32,18,,,,,,
98,33,0,0,0,18,,,,,,
99,8,5,5,12,18,,,,,,
0,7,6,10,7,19,,,,,,
1,14,12,20,14,19,,,,,,
2,21,18,30,21,19,,,,,,
3,28,24,40,28,19,,,,,,
4,35,30,50,35,19,,,,,,
5,42,36,60,42,19,,,,,,
6,49,42,70,49,19,,,,,,
7,56,48,80,56,19,,,,,,
8,63,45,90,63,19,,,,,,
9,70,50,100,70,19,,,,,,
10,77,55,99,77,19,,,,,,
11,84,48,108,84,19,,,,,,
12,91,52,104,91,19,,,,,,
13,84,56,98,98,19,,,,,,
14,90,60,90,105,19,,,,,,
15,96,48,96,112,19,,,,,,
16,102,34,102,119,19,,,,,,
17,90,36,108,126,19,,,,,,
18,95,38,114,133,19,,,,,,
19,100,20,120,120,19,,,,,,
20,105,21,126,126,19,,,,,,
21,110,22,132,132,19,,,,,,
22,115,23,115,138,19,,,,,,
23,120,24,96,120,19,,,,,,
24,125,25,100,125,19,,,,,,
25,104,26,78,104,19,,,,,,
26,81,27,81,108,19,,,,,,
27,84,28,56,112,19,,,,,,
28,29,0,58,58,19,,,,,,
29,30,0,30,60,19,,,,,,
30,0,0,31,62,19,,,,,,
31,0,0,32,64,19,,,,,,
32,0,0,33,33,19,,,,,,
33,0,0,34,0,19,,,,,,
34,0,0,35,0,19,,,,,,
35,0,0,36,0,19,,,,,,
36,0,0,37,0,19,,,,,,
37,0,0,38,0,19,,,,,,
38,8,9,5,8,19,,,,,,
39,16,18,10,16,19,,,,,,
40,24,27,15,24,19,,,,,,
41,32,36,20,32,19,,,,,,
42,40,45,25,40,19,,,,,,
43,48,54,30,48,19,,,,,,
44,56,63,35,49,19,,,,,,
45,64,72,40,48,19,,,,,,
46,63,81,45,54,19,,,,,,
47,70,80,50,60,19,,,,,,
48,66,88,55,66,19,,,,,,
49,72,84,60,60,19,,,,,,
50,78,91,65,65,19,,,,,,
51,84,98,70,70,19,,,,,,
52,90,90,75,60,19,,,,,,
53,80,80,64,64,19,,,,,,
54,85,85,51,68,19,,,,,,
55,90,72,54,72,19,,,,,,
56,95,38,38,76,19,,,,,,
57,100,40,40,80,19,,,,,,
58,63,42,42,63,19,,,,,,
59,66,44,44,66,19,,,,,,
60,69,23,23,69,19,,,,,,
61,72,24,0,48,19,,,,,,
62,75,0,0,25,19,,,,,,
63,78,0,0,26,19,,,,,,
64,81,0,0,27,19,,,,,,
65,84,0,0,28,19,,,,,,
66,87,0,0,0,19,,,,,,
67,90,0,0,0,19,,,,,,
68,62,0,0,0,19,,,,,,
69,32,0,0,0,19,,,,,,
70,33,0,0,0,19,,,,,,
71,8,8,7,7,19,,,,,,
72,16,16,14,14,19,,,,,,
73,24,24,18,21,19,,,,,,
74,32,32,24,28,19,,,,,,
75,40,40,30,35,19,,,,,,
76,48,48,36,42,19,,,,,,
77,49,56,42,49,19,,,,,,
78,56,64,48,56,19,,,,,,
79,63,72,54,63,19,,,,,,
80,70,80,60,70,19,,,,,,
81,77,77,66,77,19,,,,,,
82,84,84,72,84,19,,,,,,
83,91,91,78,91,19,,,,,,
84,98,98,84,98,19,,,,,,
85,105,105,90,105,19,,,,,,
86,80,112,96,96,19,,,,,,
87,85,102,85,102,19,,,,,,
88,90,90,90,108,19,,,,,,
89,95,95,95,114,19,,,,,,
90,100,80,80,120,19,,,,,,
91,105,84,63,126,19,,,,,,
92,66,88,44,88,19,,,,,,
93,23,69,46,69,19,,,,,,
94,24,48,48,72,19,,,,,,
95,25,0,50,50,19,,,,,,
96,26,0,52,26,19,,,,,,
97,0,0,54,0,19,,,,,,
98,0,0,56,0,19,,,,,,
99,0,0,29,0,19,,,,,,
